{
  "version": 1,
  "author": "Dwiky Nugraha",
  "editor": "wokwi",
  "parts": [
    { "type": "wokwi-esp32-devkit-v1", "id": "esp", "top": 0, "left": 0, "attrs": {} },
    {
      "type": "wokwi-led",
      "id": "led3",
      "top": 140.4,
      "left": -178.6,
      "attrs": { "color": "green" }
    },
    {
      "type": "wokwi-led",
      "id": "led4",
      "top": 82.8,
      "left": -169,
      "attrs": { "color": "yellow" }
    },
    {
      "type": "wokwi-led",
      "id": "led5",
      "top": 15.6,
      "left": -178.6,
      "attrs": { "color": "red" }
    },
    {
      "type": "wokwi-resistor",
      "id": "r1",
      "top": 99.95,
      "left": -86.4,
      "attrs": { "value": "1000" }
    },
    {
      "type": "wokwi-resistor",
      "id": "r2",
      "top": 138.35,
      "left": -86.4,
      "attrs": { "value": "1000" }
    },
    {
      "type": "wokwi-resistor",
      "id": "r3",
      "top": 119.15,
      "left": -86.4,
      "attrs": { "value": "1000" }
    }
  ],
  "connections": [
    [ "esp:TX0", "$serialMonitor:RX", "", [] ],
    [ "esp:RX0", "$serialMonitor:TX", "", [] ],
    [ "r1:2", "esp:D14", "green", [ "v0", "h18", "v9.6" ] ],
    [ "r3:2", "esp:D12", "green", [ "v0", "h18", "v9.6" ] ],
    [ "r2:2", "esp:D13", "green", [ "v0" ] ],
    [ "led5:A", "r3:1", "red", [ "v9.6", "h38.4", "v48" ] ],
    [ "led4:A", "r2:1", "yellow", [ "v19.2", "h9.6" ] ],
    [ "led3:A", "r1:1", "limegreen", [ "v0", "h28.8", "v-76.8" ] ],
    [ "esp:GND.2", "led3:C", "black", [ "h-81.8", "v43", "h-86.4" ] ],
    [ "led4:C", "esp:GND.2", "black", [ "v19.2", "h0.4" ] ],
    [ "led5:C", "esp:GND.2", "black", [ "v19.2", "h38.8", "v67.2" ] ]
  ],
  "dependencies": {}
}